{"iou": 0.04761, "biou": 0.03548}